Book ID,Category,Name,Description
B001,Computer Science,Data Structures,"An essential guide to data structures in computer science, including arrays, linked lists, trees, and graphs, with practical implementation examples."
B002,Literature,Modern Literature,"An examination of contemporary literature, discussing major themes, authors, and movements that define modern storytelling."
B003,Biology,Genetics,"An introduction to the principles of genetics, including heredity, gene expression, and genetic variability in populations."
B004,Physics,Quantum Physics,"A detailed introduction to quantum mechanics, including wave-particle duality, quantum states, and principles governing atomic and subatomic particles."
B005,Biology,Genetics,"An introduction to the principles of genetics, including heredity, gene expression, and genetic variability in populations."
B006,Mathematics,Calculus,"An exploration of key concepts in calculus such as limits, derivatives, and integrals, with applications in engineering and physics."
B007,Mathematics,Calculus,"An exploration of key concepts in calculus such as limits, derivatives, and integrals, with applications in engineering and physics."
B008,Physics,Thermodynamics,"An overview of the laws of thermodynamics, discussing heat transfer, energy conservation, and the behavior of gases."
B009,Biology,Genetics,"An introduction to the principles of genetics, including heredity, gene expression, and genetic variability in populations."
B010,Physics,Quantum Physics,"A detailed introduction to quantum mechanics, including wave-particle duality, quantum states, and principles governing atomic and subatomic particles."
B011,Physics,Quantum Physics,"A detailed introduction to quantum mechanics, including wave-particle duality, quantum states, and principles governing atomic and subatomic particles."
B012,Physics,Thermodynamics,"An overview of the laws of thermodynamics, discussing heat transfer, energy conservation, and the behavior of gases."
B013,Literature,Modern Literature,"An examination of contemporary literature, discussing major themes, authors, and movements that define modern storytelling."
B014,Mathematics,Calculus,"An exploration of key concepts in calculus such as limits, derivatives, and integrals, with applications in engineering and physics."
B015,Physics,Quantum Physics,"A detailed introduction to quantum mechanics, including wave-particle duality, quantum states, and principles governing atomic and subatomic particles."
B016,Mathematics,Linear Algebra,"This book provides a thorough understanding of linear algebra concepts, including matrix operations, vector spaces, and eigenvalues/eigenvectors."
B017,Biology,Molecular Biology,"A deep dive into the molecular foundations of biological processes, exploring DNA, RNA, and protein synthesis among other topics."
B018,Physics,Quantum Physics,"A detailed introduction to quantum mechanics, including wave-particle duality, quantum states, and principles governing atomic and subatomic particles."
B019,Mathematics,Linear Algebra,"This book provides a thorough understanding of linear algebra concepts, including matrix operations, vector spaces, and eigenvalues/eigenvectors."
B020,Mathematics,Linear Algebra,"This book provides a thorough understanding of linear algebra concepts, including matrix operations, vector spaces, and eigenvalues/eigenvectors."
